Workbook

Sheet Agri-data
A1: Year | B1: Province | C1: Population | D1: Estimated Number of Employees | E1: Agriculture – Provincial GDP Contribution (%) | F1: Agricultural Share of Employment (%) | G1: Estimated Number of Farms | H1: Estimated Avg. Farm Size (Acres) | I1: .
A2: 2020 | B2: Sindh | C2: 51626658 | D2: =C2*F2%*'Output-data'!F2% -> 7124995.1 | E2: 21.9 | F2: 37.3 | G2: 1586341 | H2: 5.88
A3: 2021 | B3: Sindh | C3: 52948996 | D3: =C3*F3%*'Output-data'!F2% -> 7385855.5 | E3: 23.03 | F3: 37.7 | G3: 1643227 | H3: 5.64
A4: 2022 | B4: Sindh | C4: 54305203 | D4: =C4*F4%*'Output-data'!F2% -> 8117541.7 | E4: 22.63 | F4: 40.4 | G4: 1702153 | H4: 5.42
A5: 2023 | B5: Sindh | C5: 55696147 | D5: =C5*F5%*'Output-data'!F2% -> 7624802.5 | E5: 23.16 | F5: 37 | G5: 1763192 | H5: 5.21
A6: 2024 | B6: Sindh | C6: 57122718 | D6: =C6*F6%*'Output-data'!F2% -> 8052589.6 | E6: 24.03 | F6: 38.1 | G6: 1826420 | H6: 5
A7: 2025 | B7: Sindh | C7: 58585829 | D7: =C7*F7%*'Output-data'!F2% -> 8345551.3 | E7: 23.54 | F7: 38.5 | G7: 1891915 | H7: 4.8
A8: 2020 | B8: Punjab | C8: 118521695 | D8: =C8*F8%*'Output-data'!F3% -> 25056529 | E8: 19 | F8: 44.79 | G8: 5118830 | H8: 5.95
A9: 2021 | B9: Punjab | C9: 121501874 | D9: =C9*F9%*'Output-data'!F3% -> 26265789 | E9: 19.32 | F9: 45.8 | G9: 5105914 | H9: 5.98
A10: 2022 | B10: Punjab | C10: 124556988 | D10: =C10*F10%*'Output-data'!F3% -> 27014418 | E10: 19.47 | F10: 45.95 | G10: 5093030 | H10: 6.02
A11: 2023 | B11: Punjab | C11: 127688922 | D11: =C11*F11%*'Output-data'!F3% -> 28260214 | E11: 19 | F11: 46.89 | G11: 5080179 | H11: 6.06
A12: 2024 | B12: Punjab | C12: 130899607 | D12: =C12*F12%*'Output-data'!F3% -> 29360049 | E12: 19.5 | F12: 47.52 | G12: 5067360 | H12: 6.1
A13: 2025 | B13: Punjab | C13: 134191023 | D13: =C13*F13%*'Output-data'!F3% -> 30738010 | E13: 20.02 | F13: 48.53 | G13: 5054574 | H13: 6.14
A14: 2020 | B14: Khayber Pakhtunkhuwa | C14: 38177031 | D14: =C14*F14%*'Output-data'!F4% -> 5341730.2 | E14: 21.85 | F14: 31.8 | G14: 3137024 | H14: 2.47
A15: 2021 | B15: Khayber Pakhtunkhuwa | C15: 39068720 | D15: =C15*F15%*'Output-data'!F4% -> 5504313.8 | E15: 21.71 | F15: 32.02 | G15: 3368391 | H15: 2.37
A16: 2022 | B16: Khayber Pakhtunkhuwa | C16: 39960409 | D16: =C16*F16%*'Output-data'!F4% -> 6575884.9 | E16: 22.79 | F16: 37.4 | G16: 3616821 | H16: 2.29
A17: 2023 | B17: Khayber Pakhtunkhuwa | C17: 40856097 | D17: =C17*F17%*'Output-data'!F4% -> 6489582.4 | E17: 22.01 | F17: 36.1 | G17: 3883573 | H17: 2.2
A18: 2024 | B18: Khayber Pakhtunkhuwa | C18: 41747236 | D18: =C18*F18%*'Output-data'!F4% -> 8017974.1 | E18: 22.68 | F18: 43.65 | G18: 4170000 | H18: 2.12
A19: 2025 | B19: Khayber Pakhtunkhuwa | C19: 42638375 | D19: =C19*F19%*'Output-data'!F4% -> 8254789.4 | E19: 22.7 | F19: 44 | G19: 4477552 | H19: 2.04
A20: 2020 | B20: Balochistan | C20: 13554496 | D20: =C20*F20%*'Output-data'!F5% -> 2098046.2 | E20: 24 | F20: 40.1 | G20: 538734 | H20: 17.74
A21: 2021 | B21: Balochistan | C21: 13987173 | D21: =C21*F21%*'Output-data'!F5% -> 2418773.9 | E21: 24.02 | F21: 44.8 | G21: 560963 | H21: 17.3
A22: 2022 | B22: Balochistan | C22: 14433661 | D22: =C22*F22%*'Output-data'!F5% -> 2228557.3 | E22: 24.85 | F22: 40 | G22: 584109 | H22: 16.88
A23: 2023 | B23: Balochistan | C23: 14894402 | D23: =C23*F23%*'Output-data'!F5% -> 2075475.3 | E23: 24.97 | F23: 36.1 | G23: 608211 | H23: 16.47
A24: 2024 | B24: Balochistan | C24: 15369850 | D24: =C24*F24%*'Output-data'!F5% -> 2218853 | E24: 25 | F24: 37.4 | G24: 633307 | H24: 16.07
A25: 2025 | B25: Balochistan | C25: 15860475 | D25: =C25*F25%*'Output-data'!F5% -> 2308048 | E25: 25.01 | F25: 37.7 | G25: 659439 | H25: 15.68

Sheet Bank Wise Agri finance Data
A1: Year | B1: Bank | C1: Bank Type | D1: Total Advances (PKR Bn) | E1: Agricultural Credit Disbursement (PKR Bn) | F1: Agriculture Gross Advances(PKR bn)
A2: 2020 | B2: Habib Bank Limited (HBL) | C2: Conventional + Islamic Banking | D2: 1223.5 | E2: 186.17 | F2: 127.16
A3: 2021 | B3: Habib Bank Limited (HBL) | C3: Conventional + Islamic Banking | D3: 1507 | E3: 210.9 | F3: 40
A4: 2022 | B4: Habib Bank Limited (HBL) | C4: Conventional + Islamic Banking | D4: 1780 | E4: 256.01 | F4: 50
A5: 2023 | B5: Habib Bank Limited (HBL) | C5: Conventional + Islamic Banking | D5: 1900 | E5: 295.45 | F5: 105
A6: 2024 | B6: Habib Bank Limited (HBL) | C6: Conventional + Islamic Banking | D6: 2440 | E6: 338.98 | F6: 154
A7: 2025 | B7: Habib Bank Limited (HBL) | C7: Conventional + Islamic Banking | D7: 3116.8 | E7: 455.56 | F7: 160
A8: 2020 | B8: United Bank Limited (UBL) | C8: Conventional + Islamic Banking | D8: 609.3 | E8: 101.4 | F8: 2.78
A9: 2021 | B9: United Bank Limited (UBL) | C9: Conventional + Islamic Banking | D9: 849.2 | E9: 115.05 | F9: 3.11
A10: 2022 | B10: United Bank Limited (UBL) | C10: Conventional + Islamic Banking | D10: 1014 | E10: 128.44 | F10: 4.04
A11: 2023 | B11: United Bank Limited (UBL) | C11: Conventional + Islamic Banking | D11: 975.7 | E11: 145.57 | F11: 5.29
A12: 2024 | B12: United Bank Limited (UBL) | C12: Conventional + Islamic Banking | D12: 1565 | E12: 188.19 | F12: 11.3
A13: 2025 | B13: United Bank Limited (UBL) | C13: Conventional + Islamic Banking | D13: 1492.43 | E13: 255.57 | F13: 24.85
... A235: 2025 | B235: Punjab Provincial Cooperative Bank Limited (PPCBL) | C235: Specialized Bank | D235: 15.24 | E235: 12.64 | F235: 15.24

Sheet Output-data
A1: Province | B1: Crop Output (%) | C1: Livestock Output (%) | D1: Fisheries Output (%) | E1: Agriculture – Provincial GDP Contribution (%) | F1: Employment Rate
A2: Sindh | B2: 24 | C2: 27 | D2: 57 | E2: 23.05 | F2: 37
A3: Punjab | B3: 56 | C3: 43 | D3: 20 | E3: 19.39 | F3: 47.2
A4: Khayber Pakhtunkhuwa | B4: 12 | C4: 13 | D4: 8 | E4: 22.29 | F4: 44
A5: Balochistan | B5: 8 | C5: 17 | D5: 15 | E5: 24.64 | F5: 38.6

Sheet Crops Data
A1: Province | B1: Crop | C1: Cultivated Area (Acres)
A2: Sindh | B2: Cotton | C2: 1829000
A3: Sindh | B3: Rice | C3: 2815000
A4: Sindh | B4: Wheat | C4: 5349000
A5: Sindh | B5: Sugarcane | C5: 514396
A6: Sindh | B6: Maize | C6: 77475
A7: Sindh | B7: Bananas | C7: 94000
A8: Sindh | B8: Mangoes | C8: 152000
A9: Sindh | B9: Dates | C9: 118500
A10: Sindh | B10: Guavas | C10: 26000
A11: Sindh | B11: Papayas | C11: 3500
A12: Sindh | B12: Coconuts | C12: 370
A13: Sindh | B13: Tomatoes | C13: 68500
... A108: Balochistan | B108: Chickpeas | C108: 24100

Sheet Formulas
